{"info": {"description": "Image Dataset", "url": "", "version": "0.1.0", "year": 2021, "contributor": "", "date_created": "2022-11-23 00:56:31.092583"}, "licenses": [{"id": 1, "name": "", "url": ""}], "categories": [{"id": 1, "name": "image", "supercategory": "building"}], "images": [{"id": 1, "file_name": "13.tif", "width": 512, "height": 512, "date_captured": "2022-11-23 00:56:31.068869", "license": 1, "coco_url": "", "flickr_url": ""}, {"id": 2, "file_name": "38.tif", "width": 512, "height": 512, "date_captured": "2022-11-23 00:56:31.068869", "license": 1, "coco_url": "", "flickr_url": ""}, {"id": 3, "file_name": "10.tif", "width": 512, "height": 512, "date_captured": "2022-11-23 00:56:31.068869", "license": 1, "coco_url": "", "flickr_url": ""}, {"id": 4, "file_name": "11.tif", "width": 512, "height": 512, "date_captured": "2022-11-23 00:56:31.068869", "license": 1, "coco_url": "", "flickr_url": ""}, {"id": 5, "file_name": "39.tif", "width": 512, "height": 512, "date_captured": "2022-11-23 00:56:31.068869", "license": 1, "coco_url": "", "flickr_url": ""}, {"id": 6, "file_name": "15.tif", "width": 512, "height": 512, "date_captured": "2022-11-23 00:56:31.068869", "license": 1, "coco_url": "", "flickr_url": ""}, {"id": 7, "file_name": "28.tif", "width": 512, "height": 512, "date_captured": "2022-11-23 00:56:31.068869", "license": 1, "coco_url": "", "flickr_url": ""}, {"id": 8, "file_name": "8.tif", "width": 512, "height": 512, "date_captured": "2022-11-23 00:56:31.068869", "license": 1, "coco_url": "", "flickr_url": ""}, {"id": 9, "file_name": "49.tif", "width": 512, "height": 512, "date_captured": "2022-11-23 00:56:31.068869", "license": 1, "coco_url": "", "flickr_url": ""}, {"id": 10, "file_name": "48.tif", "width": 512, "height": 512, "date_captured": "2022-11-23 00:56:31.068869", "license": 1, "coco_url": "", "flickr_url": ""}, {"id": 11, "file_name": "45.tif", "width": 512, "height": 512, "date_captured": "2022-11-23 00:56:31.068869", "license": 1, "coco_url": "", "flickr_url": ""}, {"id": 12, "file_name": "3.tif", "width": 512, "height": 512, "date_captured": "2022-11-23 00:56:31.068869", "license": 1, "coco_url": "", "flickr_url": ""}, {"id": 13, "file_name": "50.tif", "width": 512, "height": 512, "date_captured": "2022-11-23 00:56:31.068869", "license": 1, "coco_url": "", "flickr_url": ""}, {"id": 14, "file_name": "44.tif", "width": 512, "height": 512, "date_captured": "2022-11-23 00:56:31.068869", "license": 1, "coco_url": "", "flickr_url": ""}, {"id": 15, "file_name": "52.tif", "width": 512, "height": 512, "date_captured": "2022-11-23 00:56:31.068869", "license": 1, "coco_url": "", "flickr_url": ""}, {"id": 16, "file_name": "47.tif", "width": 512, "height": 512, "date_captured": "2022-11-23 00:56:31.068869", "license": 1, "coco_url": "", "flickr_url": ""}, {"id": 17, "file_name": "1.tif", "width": 512, "height": 512, "date_captured": "2022-11-23 00:56:31.068869", "license": 1, "coco_url": "", "flickr_url": ""}, {"id": 18, "file_name": "5.tif", "width": 512, "height": 512, "date_captured": "2022-11-23 00:56:31.068869", "license": 1, "coco_url": "", "flickr_url": ""}, {"id": 19, "file_name": "40.tif", "width": 512, "height": 512, "date_captured": "2022-11-23 00:56:31.068869", "license": 1, "coco_url": "", "flickr_url": ""}, {"id": 20, "file_name": "6.tif", "width": 512, "height": 512, "date_captured": "2022-11-23 00:56:31.068869", "license": 1, "coco_url": "", "flickr_url": ""}, {"id": 21, "file_name": "41.tif", "width": 512, "height": 512, "date_captured": "2022-11-23 00:56:31.068869", "license": 1, "coco_url": "", "flickr_url": ""}, {"id": 22, "file_name": "26.tif", "width": 512, "height": 512, "date_captured": "2022-11-23 00:56:31.068869", "license": 1, "coco_url": "", "flickr_url": ""}, {"id": 23, "file_name": "33.tif", "width": 512, "height": 512, "date_captured": "2022-11-23 00:56:31.068869", "license": 1, "coco_url": "", "flickr_url": ""}, {"id": 24, "file_name": "27.tif", "width": 512, "height": 512, "date_captured": "2022-11-23 00:56:31.068869", "license": 1, "coco_url": "", "flickr_url": ""}, {"id": 25, "file_name": "31.tif", "width": 512, "height": 512, "date_captured": "2022-11-23 00:56:31.068869", "license": 1, "coco_url": "", "flickr_url": ""}, {"id": 26, "file_name": "25.tif", "width": 512, "height": 512, "date_captured": "2022-11-23 00:56:31.068869", "license": 1, "coco_url": "", "flickr_url": ""}, {"id": 27, "file_name": "24.tif", "width": 512, "height": 512, "date_captured": "2022-11-23 00:56:31.068869", "license": 1, "coco_url": "", "flickr_url": ""}, {"id": 28, "file_name": "30.tif", "width": 512, "height": 512, "date_captured": "2022-11-23 00:56:31.068869", "license": 1, "coco_url": "", "flickr_url": ""}, {"id": 29, "file_name": "18.tif", "width": 512, "height": 512, "date_captured": "2022-11-23 00:56:31.068869", "license": 1, "coco_url": "", "flickr_url": ""}, {"id": 30, "file_name": "20.tif", "width": 512, "height": 512, "date_captured": "2022-11-23 00:56:31.068869", "license": 1, "coco_url": "", "flickr_url": ""}, {"id": 31, "file_name": "35.tif", "width": 512, "height": 512, "date_captured": "2022-11-23 00:56:31.068869", "license": 1, "coco_url": "", "flickr_url": ""}, {"id": 32, "file_name": "36.tif", "width": 512, "height": 512, "date_captured": "2022-11-23 00:56:31.068869", "license": 1, "coco_url": "", "flickr_url": ""}], "annotations": [{"id": 1, "image_id": 2, "category_id": 1, "iscrowd": 0, "area": 5574, "bbox": [243.0, 415.0, 156.0, 42.0], "segmentation": [[396.0, 456.5, 243.0, 451.5, 243.5, 415.0, 398.0, 419.5, 396.0, 456.5]], "width": 512, "height": 512}, {"id": 2, "image_id": 3, "category_id": 1, "iscrowd": 0, "area": 8016, "bbox": [2.0, 191.0, 87.0, 144.0], "segmentation": [[60.0, 334.5, 1.5, 322.0, 31.0, 190.5, 88.5, 203.0, 60.0, 334.5]], "width": 512, "height": 512}, {"id": 3, "image_id": 5, "category_id": 1, "iscrowd": 0, "area": 9278, "bbox": [252.0, 455.0, 183.0, 57.0], "segmentation": [[430.0, 511.5, 258.0, 511.5, 251.5, 493.0, 256.5, 475.0, 268.0, 465.5, 282.0, 460.5, 303.0, 455.5, 368.0, 454.5, 402.0, 459.5, 422.0, 468.5, 429.5, 476.0, 434.5, 487.0, 434.5, 500.0, 430.0, 511.5]], "width": 512, "height": 512}, {"id": 4, "image_id": 6, "category_id": 1, "iscrowd": 0, "area": 13109, "bbox": [292.0, 0.0, 182.0, 148.0], "segmentation": [[410.0, 147.5, 291.5, 8.0, 301.0, 0, 393.0, 0, 473.5, 94.0, 410.0, 147.5]], "width": 512, "height": 512}, {"id": 5, "image_id": 10, "category_id": 1, "iscrowd": 0, "area": 3140, "bbox": [259.0, 0.0, 171.0, 25.0], "segmentation": [[357.0, 24.5, 332.0, 23.5, 284.0, 15.5, 269.0, 9.5, 258.5, 0.0, 429.5, 0.0, 422.0, 8.5, 403.0, 17.5, 378.0, 23.5, 357.0, 24.5]], "width": 512, "height": 512}, {"id": 6, "image_id": 14, "category_id": 1, "iscrowd": 0, "area": 9662, "bbox": [304.0, 247.0, 159.0, 117.0], "segmentation": [[329.0, 363.5, 303.5, 302.0, 438.0, 246.5, 462.5, 309.0, 329.0, 363.5]], "width": 512, "height": 512}, {"id": 7, "image_id": 15, "category_id": 1, "iscrowd": 0, "area": 1044, "bbox": [116.0, 0.0, 104.0, 20.0], "segmentation": [[120.0, 19.5, 116.0, 0, 219.5, 0.0, 120.0, 19.5]], "width": 512, "height": 512}, {"id": 8, "image_id": 20, "category_id": 1, "iscrowd": 0, "area": 2052, "bbox": [303.0, 467.0, 90.0, 45.0], "segmentation": [[392.0, 511.5, 302.5, 511.0, 354.0, 466.5, 392.0, 511.5]], "width": 512, "height": 512}, {"id": 9, "image_id": 22, "category_id": 1, "iscrowd": 0, "area": 10092, "bbox": [0.0, 168.0, 131.0, 138.0], "segmentation": [[64.0, 305.5, 52.5, 288.0, 36.0, 271.5, 18.0, 258.5, 0, 251.0, 0.0, 167.5, 47.0, 184.5, 77.0, 202.5, 103.5, 228.0, 130.5, 269.0, 64.0, 305.5]], "width": 512, "height": 512}, {"id": 10, "image_id": 23, "category_id": 1, "iscrowd": 0, "area": 4547, "bbox": [0.0, 74.0, 61.0, 147.0], "segmentation": [[0.0, 220.5, 0, 87.0, 7.0, 73.5, 60.5, 101.0, 0.0, 220.5]], "width": 512, "height": 512}, {"id": 11, "image_id": 25, "category_id": 1, "iscrowd": 0, "area": 8228, "bbox": [117.0, 17.0, 129.0, 88.0], "segmentation": [[234.0, 104.5, 117.0, 85.5, 128.5, 17.0, 245.0, 35.5, 234.0, 104.5]], "width": 512, "height": 512}, {"id": 12, "image_id": 26, "category_id": 1, "iscrowd": 0, "area": 7214, "bbox": [416.0, 152.0, 96.0, 100.0], "segmentation": [[511.0, 251.5, 434.5, 233.0, 440.5, 211.0, 421.5, 200.0, 415.5, 181.0, 419.5, 167.0, 430.0, 154.5, 444.0, 151.5, 454.0, 156.5, 456.0, 151.5, 511.5, 168.0, 511.0, 251.5]], "width": 512, "height": 512}, {"id": 13, "image_id": 32, "category_id": 1, "iscrowd": 0, "area": 6325, "bbox": [372.0, 166.0, 140.0, 95.0], "segmentation": [[511.0, 260.5, 372.0, 208.5, 386.5, 166.0, 511.0, 212.5, 511.0, 260.5]], "width": 512, "height": 512}]}